{
  "project_info": {
    "project_number": "595091091373",
    "firebase_url": "https://travist-3978e.firebaseio.com",
    "project_id": "travist-3978e",
    "storage_bucket": "travist-3978e.appspot.com"
  },
  "client": [
    {
      "client_info": {
        "mobilesdk_app_id": "1:595091091373:android:42bf033734262ea7dffb24",
        "android_client_info": {
          "package_name": "com.example.myapplication"
        }
      },
      "oauth_client": [
        {
          "client_id": "595091091373-mlondasonh6ga19a8m2ioe95a1p6okjb.apps.googleusercontent.com",
          "client_type": 1,
          "android_info": {
            "package_name": "com.example.myapplication",
            "certificate_hash": "5fff7410196f044c6758a285a95ed34daba97323"
          }
        },
        {
          "client_id": "595091091373-vouv00jjij44r6gombbec4nhfa4e0knn.apps.googleusercontent.com",
          "client_type": 3
        }
      ],
      "api_key": [
        {
          "current_key": "AIzaSyDBy_XLdOp1doq-Dr0SkDNNfhnm0n78-aY"
        }
      ],
      "services": {
        "appinvite_service": {
          "other_platform_oauth_client": [
            {
              "client_id": "595091091373-vouv00jjij44r6gombbec4nhfa4e0knn.apps.googleusercontent.com",
              "client_type": 3
            }
          ]
        }
      }
    }
  ],
  "configuration_version": "1"
}